% Device,CC1349003
% File name,CC1349003_20170828_182816
% Cast time (UTC),2017-08-28 18:28:16
% Cast time (local),2017-08-28 18:28:16
% Sample type,Cast
% Cast data,Processed
% Location source,GPS
% Default latitude,32
% Default altitude,0
% Start latitude,44.1586803
% Start longitude,-66.4288777
% Start altitude,-19.979999542236328
% Start GPS horizontal error(Meter),1.5199999809265137
% Start GPS vertical error(Meter),2.7200000286102295
% Start GPS number of satellites,8
% End latitude,44.1595299
% End longitude,-66.4293573
% End altitude,-14.890000343322754
% End GPS horizontal error(Meter),2.0399999618530273
% End GPS vertical error(Meter),3.8399999141693115
% End GPS number of satellites,9
% Cast duration (Seconds),171.6
% Samples per second,5
% Electronics calibration date,0001-01-01
% Conductivity calibration date,2013-12-11
% Temperature calibration date,2013-12-11
% Pressure calibration date,2013-12-11
% 
Pressure (Decibar),Depth (Meter),Temperature (Celsius),Conductivity (MicroSiemens per Centimeter),Specific conductance (MicroSiemens per Centimeter),Salinity (Practical Salinity Scale),Sound velocity (Meters per Second),Density (Kilograms per Cubic Meter)
0.15,0.14934975063944472,12.258359909057617,37219.41796875,49947.740667594247,32.0777706852133,1494.2229412516449,1024.2733714451365
0.44999999999999996,0.44805573037000279,12.260435954257359,37212.089888453025,49935.124127554911,32.068844722871546,1494.224353893381,1024.2674114005217
0.74999999999999989,0.74675744274004707,12.231258998822943,37207.426539209322,49967.994018662685,32.089251544251105,1494.1538272735352,1024.290064968234
1.05,1.0454539611153462,12.12442294405751,37101.417004221112,49969.015087627,32.078950588362673,1493.7805190268657,1024.303422769802
1.35,1.3441448231189987,12.052443113953467,37052.121307323112,49999.565741684877,32.093217677321512,1493.5553482893397,1024.329249287799
1.65,1.6428304057502345,12.026618693577813,37035.384360378746,50011.836979867752,32.099176201267113,1493.4786307969671,1024.3400222544112
1.9500000000000002,1.9415154079738557,12.071400238696709,37076.2469560069,50006.53700329498,32.099912928110129,1493.6383522978656,1024.3336197869014
2.25,2.2402017283976825,12.09024243846129,37093.073467870112,50003.816407257946,32.099794540649548,1493.7078572619864,1024.3313703443851
2.55,2.5388895127055289,12.067845702724162,37055.906421966974,49983.89536735836,32.083133667249548,1493.6160143083389,1024.323968771806
2.85,2.8375771006847605,12.038313658554914,37032.753994606996,49992.494712368432,32.086091487946547,1493.5230012982822,1024.3331064919596
3.15,3.1362619195241335,12.020577420529122,37024.543780899388,50005.356967187749,32.093308741535594,1493.4755723141652,1024.3433516146615
3.4499999999999997,3.434941949631972,12.001706012943062,37032.067881534618,50041.027660428605,32.11668586115335,1493.4435024875777,1024.3663425758373
3.75,3.73362305969602,11.98702558814114,36973.56724962224,49981.806676388682,32.0727573159512,1493.3454836014387,1024.3363337432045
4.05,4.0323027797097559,11.919433033811204,36948.225550207935,50038.9937141916,32.106364908989796,1493.1576945068148,1024.376267077882
4.35,4.3309757819550576,11.894479207161407,36926.86900595553,50043.895183629313,32.107108634069974,1493.0774601998064,1024.3828022105624
4.6499999999999995,4.629645652523326,11.872821548879287,36920.99090546053,50065.3182405873,32.119982713676549,1493.0230470719675,1024.39813878564
4.9499999999999993,4.9283120647089724,11.85050031642781,36905.622211998983,50074.79124448495,32.124251851959365,1492.9560213686384,1024.4069153505061
5.2499999999999991,5.2269775977239963,11.840992132765324,36890.008340594286,50066.524006264975,32.11721953784977,1492.9197145067451,1024.4045593034368
5.55,5.5256418684931443,11.810673469804668,36869.06271538193,50079.310210970682,32.122990195148411,1492.8267757707476,1024.4159638696797
5.85,5.824303062547286,11.794642572557386,36862.60051656374,50092.347607226169,32.130455897352618,1492.7852121671924,1024.4260551492819
6.1499999999999995,6.12296233744047,11.782951933280167,36852.260398718456,50094.212755903885,32.130412294231263,1492.7496631129168,1024.4295190833816
6.4499999999999993,6.4216193613007446,11.775094575872215,36858.099028574368,50112.854166195146,32.1427455627215,1492.7421716234389,1024.4418873804293
6.7499999999999991,6.7202767565450721,11.7620306916851,36822.315344324321,50081.993093832076,32.1192065809465,1492.6737434002109,1024.4273608971082
7.0499999999999989,7.01893410585912,11.746026184808891,36822.7116149056,50104.345201452583,32.133307570706705,1492.6401443579157,1024.4425920625067
7.35,7.3175876877377153,11.7272382187043,36814.336489247609,50118.574489626277,32.141310529210969,1492.5895878026918,1024.4535963508147
7.6499999999999995,7.6162392018071934,11.714527425274259,36802.994274246405,50120.479351330621,32.141174272051543,1492.5503240702178,1024.4571677694667
7.9499999999999993,7.9148882396243376,11.698432438186448,36801.386249000338,50140.270038764334,32.153426080387383,1492.514142023095,1024.4709745823927
8.25,8.213534875509211,11.689186056336768,36793.297620366626,50141.88317488155,32.153451687888719,1492.4870551620704,1024.4740362225546
8.5499999999999989,8.5121812212544317,11.68355327868913,36784.346000728736,50137.381350811185,32.149506925145083,1492.4677406217531,1024.4733547490641
8.85,8.8108275605929958,11.677729864649814,36777.559909081319,50136.090816961558,32.147831388971952,1492.4504782482081,1024.4744697666379
9.1499999999999986,9.10947299667276,11.66005332728664,36763.12047729599,50140.571467653368,32.148983784234517,1492.3954710484304,1024.4799414321294
9.45,9.4081159570628579,11.65046267848243,36766.353903001829,50158.103358115906,32.16031872631644,1492.3807003883226,1024.4918448262772
9.75,9.7067561271647911,11.643956277147057,36767.420741756687,50168.464976428637,32.16687507686548,1492.3709083906454,1024.4994751655263
10.049999999999999,10.005395769740177,11.637985674626535,36754.204077315306,50158.603701252687,32.159068516818245,1492.345771788157,1024.495853802775
10.35,10.304035562733692,11.632746153254542,36750.5506018646,50160.791178631836,32.15993299390481,1492.3335553335749,1024.4988327252581
10.649999999999999,10.602674169205388,11.616959104145108,36738.363058416253,50165.7755821911,32.161639476801589,1492.2857083298356,1024.5043842761841
10.95,10.901311586592858,11.608839191735452,36731.475008019028,50167.494816813611,32.161853465270248,1492.262695062693,1024.5073808264276
11.25,11.199947038567652,11.605136097587383,36740.005346445956,50184.221755792714,32.173250345113779,1492.2684227645011,1024.5182591153198
11.549999999999999,11.498581145248178,11.60309470804734,36734.369590157672,50179.322108085944,32.169409234101359,1492.2616685651285,1024.5170008740304
11.85,11.797215112334088,11.604574203491211,36737.826171875,50182.015460203162,32.17136738041237,1492.2740973068226,1024.5196065265629
12.149999999999999,12.095848381461639,11.604433089538533,36739.405728839993,50184.366520540418,32.172904057890577,1492.2803894548483,1024.5221794345134
12.45,12.394482555031821,11.606494665145874,36728.984375,50167.305980775527,32.160841696055627,1492.2780435870263,1024.5137904288231
12.75,12.693118256250429,11.611225896628135,36730.422521330409,50162.786989213135,32.158013222685838,1492.296036332584,1024.512087299265
13.049999999999999,12.991752738959226,11.599697145258464,36729.537720593944,50177.379302921778,32.167031148714074,1492.2717192597706,1024.5225406665306
13.35,13.290384858729754,11.595688343048096,36731.46875,50185.514213695205,32.172267613205086,1492.2690016753438,1024.5286899453388
13.649999999999999,13.589016288764247,11.598902862640024,36732.085978467396,50181.949601504755,32.169954257791915,1492.2823439446643,1024.5276628572617
13.95,13.887647301996807,11.601575836120542,36739.101905979376,50187.869055795018,32.17434335548139,1492.3018336979519,1024.5319394419853
14.249999999999998,14.186277453730838,11.592340746728771,36729.666104119722,50187.642214994448,32.173045183315594,1492.2731218007152,1024.5339636549179
14.549999999999999,14.484907218442103,11.580269957443516,36715.699625956549,50185.112997622207,32.169793223913452,1492.2322009374163,1024.5349846232396
14.85,14.783535543259346,11.564124124458118,36707.997901418246,50196.741724853578,32.176184284698557,1492.1886486833607,1024.5442332921477
15.149999999999999,15.082162662511507,11.556211564361776,36696.616686800742,50192.0400342795,32.171837323835049,1492.1608528509942,1024.5436463797716
15.45,15.380788730023125,11.551548957824707,36700.50390625,50203.760104116467,32.179554002187224,1492.1588202557412,1024.5518396861939
15.749999999999998,15.679414149552017,11.553717515249982,36696.862184803816,50195.80042644652,32.173994573176614,1492.1646433397368,1024.5484822638946
16.05,15.978040423011267,11.552559818619802,36691.1040209527,50189.513679781085,32.169261331183272,1492.1598828745209,1024.5463698120368
16.35,16.276665245075385,11.545066859659503,36697.426208036821,50208.454056141709,32.181812268421304,1492.1537939712405,1024.5588310987102
16.650000000000002,16.575288678462165,11.537510707892507,36683.869983120225,50200.286325466754,32.17503199739059,1492.1243076005155,1024.5562882392985
16.95,16.873911601494186,11.532818794250488,36685.400390625,50208.828118675752,32.180478076762675,1492.1194447550722,1024.562722720596
17.25,17.17253279494853,11.52392505743445,36681.375425049126,50215.544149988105,32.184157744269335,1492.0978326152717,1024.5685461158303
17.55,17.471151968313929,11.522110462188721,36688.78515625,50228.183273025585,32.192841632124704,1492.1068671029932,1024.5769742725022
17.85,17.769770773131381,11.52328328077753,36681.182966962529,50216.163049979827,32.184279026363981,1492.1056256148627,1024.5714647140583
18.150000000000002,18.068389857454946,11.519488126949049,36680.48813802821,50220.4302679702,32.186776245096873,1492.100345251054,1024.5754458729889
18.45,18.367008768560229,11.518205482165477,36674.210337189223,50213.598742002716,32.181640586877741,1492.0946617312659,1024.5730429557566
18.75,18.665627988758267,11.514598013055164,36669.362179235744,50211.92095025289,32.179920994871182,1492.0849770068041,1024.5737144507307
19.05,18.964245580961745,11.50114631652832,36666.87109375,50227.01311321096,32.189062474399371,1492.0540215273541,1024.5846041288046
19.35,19.262860556982041,11.489335224628109,36661.699213613334,50236.18406299287,32.194163081578566,1492.0239237819828,1024.5920568765237
19.650000000000002,19.561473673671493,11.478343637369051,36655.137393469711,50242.327006206979,32.197194583529615,1491.9941898411448,1024.5977530770015
19.95,19.860085494854207,11.472630390867705,36651.751983006514,50245.556174889512,32.198735491245678,1491.9810616084865,1024.601336774808
20.25,20.158695724265403,11.468766000439292,36655.915409303663,50256.588622798641,32.206043027455991,1491.9812950330077,1024.609066207858
20.55,20.457304859527888,11.467696189880371,36653.2734375,50254.440596759065,32.204268311732633,1491.980376780645,1024.60923499941
20.85,20.755914643089362,11.462658131311869,36640.3601057278,50243.676659249555,32.195911287199387,1491.9577239402913,1024.6050068438535
21.150000000000002,21.054524171612904,11.464011504490166,36648.61956562761,50253.1373449061,32.202679553099316,1491.9755041102594,1024.6113748324499
21.45,21.353131982621797,11.458102300841453,36647.942709246483,50260.35420993463,32.207038993551393,1491.9650671022989,1024.6171830579963
21.75,21.651738798319922,11.45439477091073,36643.96098009713,50260.004603529545,32.206251425982572,1491.9561318160884,1024.6185949081214
22.05,21.950345868306169,11.452597847256115,36636.63270958564,50252.43037972309,32.200528611142,1491.9479386222574,1024.6158275780233
22.35,22.248952142575686,11.439694064814098,36631.76176283606,50263.54186410064,32.206880457241823,1491.9154824333937,1024.6244453125369
22.650000000000002,22.547555175467089,11.429092862560657,36636.592458083709,50284.799289822986,32.220717344180315,1491.9000324720257,1024.6384621366512
22.95,22.8461554440331,11.416642631151504,36627.921127829191,50290.085083923906,32.22296357532953,1491.8642096811871,1024.6438062093243
23.25,23.144754501141822,11.4116616850554,36625.067251369328,50293.045629391752,32.224389375395845,1491.8534712035523,1024.6471660040847
23.55,23.443352802337049,11.40608903474544,36620.043966403537,50293.844982159309,32.224208346946583,1491.8387356478395,1024.6493837125368
23.85,23.74195020280148,11.401191711425781,36618.591796875,50298.61671449204,32.226933239974315,1491.8298441314828,1024.6537374446325
24.150000000000002,24.040545684227844,11.39952752803482,36627.16707305696,50312.695741513147,32.236653214738766,1491.8406404128866,1024.6629440585355
24.45,24.339140385423971,11.394974872834794,36615.826418518962,50303.409394368078,32.229399242235232,1491.8209715249873,1024.6594819391444
24.75,24.637734971347577,11.391946195122838,36616.861372837513,50309.017792712635,32.232929618113459,1491.8195705903308,1024.6641248334347
25.05,24.936327624921205,11.382296404350342,36616.167063962675,50321.407226488824,32.240545559921941,1491.7999412826887,1024.6731339080047
25.35,25.23491795946925,11.367614503724763,36607.546464113679,50329.87035809613,32.2447942784759,1491.7586744872133,1024.6804308668595
25.650000000000002,25.533505621709853,11.356419563293457,36608.291015625,50346.391992606776,32.255175573757604,1491.7369464266212,1024.6918650249988
25.95,25.832092086117587,11.350622892379761,36596.3974609375,50338.061013817271,32.24845903940863,1491.7135526618163,1024.6890419041547
26.25,26.13067919998285,11.350954265823884,36593.485076303186,50333.5962086521,32.245190431015381,1491.7157263342306,1024.6877970178346
26.55,26.429265288232738,11.343583972719902,36594.915855733117,50345.772011920824,32.252905501765078,1491.7041580152124,1024.6964710278146
26.85,26.727850280768305,11.33476699500882,36582.32599861901,50340.664085783457,32.248142199590596,1491.6725371685493,1024.6957072594992
27.150000000000002,27.026434261256902,11.333392194294316,36589.757890417546,50352.79625798812,32.256504210447851,1491.6827122557813,1024.7038071224761
27.45,27.325016187635,11.31986525099094,36581.24870173441,50359.835380634206,32.259858185173663,1491.6443529826581,1024.710195915887
27.75,27.623596173991583,11.312106440528812,36580.456276932076,50369.504640060972,32.265739211790518,1491.6292047885804,1024.7175128955676
28.05,27.922174068817661,11.30826473236084,36584.22265625,50380.020810583112,32.272668417245733,1491.629023402468,1024.7249418273168
28.35,28.220750874967511,11.306839896898252,36581.5366283431,50378.298871817147,32.271154163258096,1491.6271568463576,1024.7253752679053
28.65,28.519326797247064,11.304170034308015,36584.778698845468,50386.468915653866,32.276545052831366,1491.6292282540044,1024.73139848268
28.95,28.817901490252858,11.301330109586379,36583.60750605537,50388.797594491509,32.277755068710071,1491.6256804646448,1024.7342028473988
29.25,29.116475734378803,11.299157888152568,36580.385284768388,50387.374546652514,32.276368376228284,1491.6213495709148,1024.7348693300587
29.55,29.415050184728962,11.293798532357847,36570.480161384548,50381.169290918981,32.27121167609458,1491.6013283721884,1024.733176921583
29.85,29.713622301166605,11.27996301651001,36576.9765625,50409.335513730854,32.289571257561036,1491.5798774314624,1024.7512797484148
30.15,30.012191346350487,11.269599437713623,36568.0703125,50411.4614986291,32.289775159397017,1491.5487576531559,1024.7546487307211
30.45,30.310758994416361,11.255526065826416,36559.2353515625,50418.845509488216,32.293297778492374,1491.5086160211129,1024.7612599369963
30.75,30.609324741171626,11.254369370303696,36565.23120130453,50428.723263430235,32.300075585161004,1491.517649555087,1024.7680900875341
31.05,30.907888421414111,11.241018098222579,36558.692728368653,50438.280499302055,32.305225445960957,1491.4819789817102,1024.7758355375995
31.35,31.206449660491671,11.22783505602963,36554.511475250139,50450.863843665065,32.31254717033255,1491.4494954640209,1024.7852378214534
31.65,31.505009872144729,11.221898910798622,36543.620309995407,50444.097919864813,32.306919137034214,1491.4268478812951,1024.7832782817252
31.950000000000003,31.803568613999147,11.216256797433045,36551.899384441342,50463.386634468654,32.319881943836506,1491.4275838960987,1024.7957176071423
32.25,32.102125568745755,11.214514376014677,36548.579498313629,50461.230984392561,32.318019924719131,1491.4241720261498,1024.7959363603393
32.55,32.400682866191261,11.215934884758742,36545.679427713258,50455.247868105274,32.313796385082895,1491.4290163020553,1024.7937546281862
32.85,32.699240014517962,11.199523511858569,36530.269695197436,50456.837758141373,32.312910052676727,1491.3753049923898,1024.7973497278965
33.15,32.997794027026536,11.176308367301644,36526.461327359357,50483.953415730779,32.329411053848688,1491.3185953974153,1024.8156721832195
33.45,33.296343988529166,11.166152868793432,36526.301881567575,50497.908934467981,32.3380467221986,1491.298259265661,1024.825550556325
33.75,33.594891951229904,11.160107776985631,36523.390583538916,50502.325392382409,32.340364466199844,1491.284753824518,1024.8297844234653
34.05,33.893438486967185,11.156191652890861,36525.11833039952,50510.184647003836,32.345380702315232,1491.2819718373207,1024.8357370506858
34.35,34.191983738271851,11.151050567626953,36521.9453125,50512.979206758078,32.346647384307161,1491.2703732897066,1024.8389924354253
34.65,34.49052771141961,11.146682073752739,36523.106832513877,50520.690609988895,32.351504989944353,1491.2658084447548,1024.8449020793
34.95,34.789070435648192,11.144533215315207,36523.036740576026,50523.597196574723,32.353198783165645,1491.2652352373254,1024.8479567805823
35.25,35.08761191244006,11.13877559278362,36522.62157422489,50531.072200351351,32.357725696929123,1491.2553884930253,1024.8538563461909
35.55,35.386152184329596,11.136064052581787,36521.537109375,50533.363368285369,32.358915317761721,1491.2522296087047,1024.8566190630145
35.85,35.684691972454111,11.135571548790377,36520.580099650251,50532.727910972753,32.358279222495227,1491.25467262617,1024.857567472623
36.15,35.983231993924662,11.129940782912588,36509.78723422272,50525.667137945849,32.352468795264251,1491.2328265471292,1024.8554066197705
36.45,36.281770811359145,11.124706029891968,36516.376953125,50542.109495519406,32.363440822710736,1491.2325685333467,1024.866223963531
36.75,36.580308369801806,11.122904628252428,36510.383657568083,50536.334263957004,32.358991840810873,1491.2258197686274,1024.8644403940696
37.05,36.878845940481014,11.119066715240479,36507.154296875,50537.233678674718,32.359058147802855,1491.2173444929219,1024.8665296241256
37.35,37.177382947237867,11.119341761325842,36508.657395929476,50538.929581242381,32.360171646617992,1491.2245914511748,1024.86870194881
37.65,37.475919469321639,11.120731573091627,36510.59554547946,50539.667879648186,32.360733391662677,1491.2350940333974,1024.8702470661567
37.95,37.774454826617756,11.117930611697512,36514.732713967278,50549.314558654769,32.3671494158535,1491.2379075199347,1024.8770891313404
38.25,38.072989529796587,11.118960166055881,36511.691385074417,50543.663518015142,32.363119353736181,1491.2416164066174,1024.875127949002
38.55,38.371524306203227,11.117655820933907,36510.995694511133,50544.525751515204,32.363454773679827,1491.2423731804058,1024.8769760177611
38.85,38.670058651851818,11.108133111340584,36500.605973962927,50543.468782243806,32.3614631353743,1491.2114253190903,1024.8784752585543
39.15,38.968591047602878,11.094466804551685,36499.617961111362,50561.237209505736,32.372389368806239,1491.1814428376108,1024.8907540973744
39.45,39.26712047737545,11.088320016860962,36502.1201171875,50573.315826468512,32.380143064551923,1491.1740895280495,1024.89923015709
39.75,39.565648167985451,11.080850264231525,36497.111042429649,50576.8444689492,32.381652867297518,1491.1545594777301,1024.9030855312424
40.05,39.864173881334331,11.06604814529419,36492.013671875,50590.5353490141,32.389535518266868,1491.1168859222341,1024.9131967153392
40.35,40.162696495595867,11.049639093816438,36486.993613594925,50606.6004137244,32.398915411473347,1491.0753390992406,1024.9247554345022
40.65,40.461216228971161,11.039913654327393,36485.64453125,50618.38505108223,32.406032235584796,1491.0545930374872,1024.9333686792932
40.95,40.759734304963928,11.03393160218563,36481.397854346906,50620.895683964351,32.40698681444632,1491.0396064893193,1024.9365260903505
41.25,41.058251144480728,11.02615353988838,36478.472973331685,50627.765371818685,32.410831929011188,1491.021770028472,1024.9422491618052
41.55,41.356767382578894,11.028577062524171,36477.992982034775,50623.693684503116,32.408092903112319,1491.0319498657957,1024.9410456878547
41.85,41.655282867001858,11.022916316986084,36478.806640625,50632.778201003042,32.413764567675308,1491.023772950505,1024.9478143616052
42.15,41.953797998404475,11.023724568053151,36472.932612689649,50623.489172792069,32.407120272393136,1491.0235557073365,1024.9438595660106
42.45,42.252312125579614,11.012151479721069,36472.923828125,50639.745654551356,32.417197180903351,1490.9998431512518,1024.9551001960733
42.75,42.550824314192852,11.006971283981333,36468.672813886238,50641.12797250224,32.417440689445279,1490.9868129093168,1024.9575615499227
43.05,42.849334321031371,10.986513137817383,36460.85546875,50659.055698333468,32.427648301858518,1490.9319056485354,1024.9704727030444
43.35,43.147840502024252,10.978013947233771,36467.552289986314,50680.3298584943,32.441655310529917,1490.9237438805062,1024.9842247280474
43.65,43.44634530242044,10.976319559654584,36458.972918483822,50670.793128281119,32.434537682728276,1490.9141257029426,1024.9803435476035
43.95,43.744851006774439,10.977377956823009,36456.010123880973,50665.184894286038,32.430544446486032,1490.917985846854,1024.9784064999769
44.25,44.04335618827664,10.980446815490723,36465.51171875,50674.067370184028,32.4371058650398,1490.9416606338439,1024.9843239456077
44.55,44.341860474444104,10.974892186634623,36458.448988919779,50672.075401611364,32.434899813091647,1490.9243429722358,1024.98494491968
44.85,44.640364097463063,10.968377113342285,36455.119140625,50676.624949951045,32.437235510672345,1490.9091076163511,1024.9892678722038
45.15,44.938866040007106,10.966456965468021,36461.213941749607,50687.803328468821,32.444837051352884,1490.916433655543,1024.9968755034993
45.45,45.237366473394076,10.966727952151086,36463.972648262257,50691.256509033417,32.447200574408072,1490.9251781717521,1025.0000219831
45.75,45.535866600713234,10.963004112243652,36457.30859375,50687.240253850294,32.443770547558195,1490.9128400455104,1024.9993671993639
46.05,45.834366072941904,10.955349332226549,36454.283766799446,50693.825041112454,32.447417431928017,1490.8951561693907,1025.0049107101136
46.35,46.132862985589583,10.940730448877275,36452.376844864571,50711.7918717805,32.458332529061565,1490.8616410143086,1025.0173357531589
46.65,46.431356675307974,10.929324920654793,36451.053635453631,50726.048591159182,32.466987987742769,1490.8367359360932,1025.0274353843267
46.95,46.729849277879381,10.925407409667969,36442.115234375,50719.139826049657,32.461473699310034,1490.8211868336553,1025.025192025018
47.25,47.02834224170158,10.923127100245807,36438.122780891805,50716.802408666794,32.459409487284908,1490.815580667263,1025.0253439924613
47.55,47.326834157164548,10.919817924499512,36442.4296875,50727.469950013357,32.46647833804375,1490.8173534085895,1025.0327820120383
47.85,47.625324514463273,10.918248176574707,36443.77734375,50731.562915585113,32.469076091199881,1490.8198791451707,1025.0364354261837
48.15,47.923814467088746,10.920344631619628,36443.87039634621,50728.731544888549,32.46718512459131,1490.8299444172794,1025.0359511058227
48.45,48.222302957834117,10.908309459686279,36442.89453125,50744.375159409676,32.476747584177495,1490.8038902586111,1025.0468657784015
48.75,48.520789458116454,10.905088571450602,36441.7308099736,50747.30666303062,32.478319724669866,1490.7993423854716,1025.050011956951
49.05,48.819275086112654,10.905281007621614,36444.511552787008,50750.90701149356,32.480778200077005,1490.8079267532864,1025.0532467194091
49.35,49.117760200517438,10.902821381975581,36441.006844394549,50749.503021911747,32.479355839920331,1490.8024567851803,1025.0539292471428
49.65,49.416245241516506,10.901658058166504,36438.345703125,50747.44130770921,32.477621221960142,1490.8011914770534,1025.0541406230857
49.95,49.714729657744293,10.900906581694851,36441.668473888509,50753.131248876853,32.481453362524995,1490.808096671864,1025.0586102052987
50.25,50.013213696549478,10.902467980512386,36439.86121212173,50748.407089870583,32.478151494557004,1490.8145715355256,1025.0571226630323
50.55,50.311697901369371,10.906885493722527,36444.1432018136,50748.126300434764,32.47835559500124,1490.8353695451162,1025.0578596494665
50.85,50.610182356114109,10.907625147980383,36440.665926927315,50742.238976749642,32.474126965023935,1490.8378219590122,1025.0557957734304
51.15,50.908666671386321,10.904969987426744,36440.481312241027,50745.734260468409,32.476168265403352,1490.8358391417305,1025.059207337928
51.45,51.207149751492885,10.900782585144043,36441.236328125,50752.704682271469,32.48049846057436,1490.8312009239189,1025.0646692815528
51.75,51.505632159802929,10.893362202040535,36430.688214230628,50748.503315411821,32.476487812300334,1490.8050704747589,1025.0642113321599
52.05,51.80411382125002,10.891329764187155,36434.528564942113,50756.727048459725,32.481968649886049,1490.809435652621,1025.0701889338354
52.35,52.102593927541,10.886915509135491,36434.550865249272,50763.001428716227,32.485774953196668,1490.8033590394689,1025.0752829054532
52.65,52.401072153193276,10.880999060502511,36436.930456019429,50774.68773177066,32.493251359047733,1490.7963968513234,1025.083496319681
52.95,52.699549616759455,10.884066581726074,36435.38671875,50768.196290919674,32.488874015209248,1490.8069018822796,1025.0809072277043
53.25,52.998027615078279,10.882922141963654,36431.573763453489,50764.502427253843,32.485979727208935,1490.804301921225,1025.0802129172807
53.55,53.296505061916569,10.881696701049805,36434.884765625,50770.849925498384,32.490222064189254,1490.8100256548812,1025.0850849843782
53.85,53.5949810355181,10.879978976383733,36438.634743226779,50778.50626279736,32.495336483555327,1490.8150606817596,1025.0907221219059
54.15,53.893456155868577,10.885421475669435,36443.907005570029,50778.150996887765,32.4956129986821,1490.8395788102766,1025.0913356143274
54.45,54.191931611997745,10.877080420548765,36429.641236227908,50770.074946458932,32.4887313772734,1490.8067181044064,1025.0888054028358
54.75,54.490405647832596,10.869960509309127,36436.451581403089,50789.645519608173,32.5016720638169,1490.8020881558457,1025.1014813728318
55.05,54.7888779739161,10.871933173662043,36436.333722166077,50786.688224707155,32.49967837826577,1490.811599035887,1025.100939407886
55.35,55.087350242210519,10.866891147515466,36430.770889181636,50786.07278694299,32.498503532198704,1490.7972849221526,1025.102268057025
55.65,55.385821158235565,10.859977722167969,36432.205078125,50797.863512897959,32.505930914966889,1490.7867280223486,1025.1106180697479
55.95,55.684290394815712,10.860555801911275,36435.857626153971,50802.137350325218,32.508915023328136,1490.7973133103694,1025.1141941882877
56.25,55.982759910730479,10.864557084803213,36432.104496439017,50791.237168067928,32.501514361156573,1490.80747759549,1025.109088990396
56.55,56.281229671157142,10.860996856804622,36431.425338574038,50795.332717669808,32.50387083578569,1490.8026643635496,1025.1129043033252
56.85,56.579698112544477,10.85823042289887,36433.993565591962,50802.832621552639,32.508745925210519,1490.8036983438353,1025.1185395288896
57.15,56.87816571562275,10.852959670950426,36427.118389368465,50800.713140125008,32.5064717323062,1490.7872420193664,1025.1190526082078
57.449999999999996,57.176632576566554,10.850568670537758,36429.251381347873,50807.076055233789,32.510582665222174,1490.78868088607,1025.1240272385489
57.75,57.47509892802826,10.848939312308739,36424.391219032172,50802.60660114685,32.507077049059781,1490.7836224508098,1025.122942143119
58.05,57.773564558479265,10.850724697113037,36433.08984375,50812.20833268659,32.513998993626878,1490.8032339670831,1025.1293698937179
58.35,58.0720291478456,10.849507097508763,36431.538634842043,50811.77062734808,32.513412392839712,1490.8031558508499,1025.1304835188969
58.65,58.370493209447439,10.849104404449463,36433.216796875,50814.681987359552,32.515307938795146,1490.8089573818315,1025.1333850920419
58.949999999999996,58.668957499015946,10.849870681762695,36427.16796875,50805.159511050879,32.508496784775268,1490.8083876629407,1025.129307237924
59.25,58.96742287041733,10.851568222045898,36423.60546875,50797.785529437933,32.50332757967147,1490.8130954493611,1025.1263432113387
59.55,59.265887995652491,10.849776744842529,36426.501953125,50804.363737586507,32.507664176729804,1490.8169281498351,1025.1313879962518
59.85,59.564351873650743,10.848392442120749,36428.388841173291,50808.957333287653,32.5106377849204,1490.8205567796354,1025.1353007967073
60.15,59.862815135052543,10.848098629587138,36427.35460166898,50807.931235164244,32.509744491412079,1490.8233776972747,1025.1360134381321
60.449999999999996,60.161277304058494,10.84272575378418,36429,50817.842719668057,32.516018396030468,1490.8168721677403,1025.1431948304507
60.75,60.459739462195444,10.842605071390285,36418.540209911742,50803.422543331217,32.5056148000703,1490.8088266754726,1025.1364778282648
61.05,60.758200916248462,10.843410968780518,36433.28125,50822.843397540004,32.519405169194663,1490.8332633158991,1025.1484213861716
61.35,61.056661849410553,10.847128391265869,36425.49609375,50806.714133655747,32.508250878733961,1490.8378968286065,1025.1404458497434
61.65,61.355122777101123,10.843325143767016,36430.483749618295,50819.062689491278,32.516449310017329,1490.8392697052982,1025.1488487047195
61.949999999999996,61.653581092487478,10.834060198663551,36431.323687637618,50833.374010177526,32.525380601309067,1490.8221917088329,1025.1587813755405
62.25,61.952037751585038,10.834118162307391,36432.137746363493,50834.4276554364,32.526009886329433,1490.8280955013188,1025.1606167858149
62.55,62.250494934087946,10.829483440503649,36418.787605350328,50822.373236032334,32.516741068871923,1490.8054358977142,1025.1555754052893
62.85,62.54895216800336,10.830772791800793,36425.179419440123,50829.46386768324,32.5218158486253,1490.8210662585327,1025.1606533211193
63.15,62.847407627144442,10.827385576250782,36429.466649923052,50840.252594472564,32.528953506755855,1490.8226282491548,1025.1681576246344
63.449999999999996,63.14586214459856,10.830213160392267,36430.176413379741,50837.230928967358,32.527019692936115,1490.8352446543711,1025.1675123563532
63.75,63.444316907350384,10.833070549925816,36430.913123066166,50834.205056900413,32.525086406684125,1490.8479666686733,1025.1668621721763
64.05,63.74277192009022,10.827774350643765,36422.469556848489,50829.936016098138,32.521277005271841,1490.8295546083618,1025.1661846833142
64.35,64.04122675776874,10.829206125040898,36425.386595149,50831.9755509339,32.522774901365828,1490.8413716545322,1025.1684545664107
64.649999999999991,64.339681284521973,10.829326932034251,36424.226638365275,50830.185433652587,32.521388260351934,1490.8450644604043,1025.1687104549749
64.949999999999989,64.638136734579177,10.830190742784245,36415.531311737061,50816.82591805725,32.511859735740387,1490.8415593583957,1025.1625012646489
65.249999999999986,64.936592425072391,10.829612769178665,36419.660179879465,50823.407462567346,32.516345042738067,1490.8498664278079,1025.1674483992858
65.55,65.235046732051231,10.829034814639886,36423.789063029377,50829.989213310422,32.520830533401679,1490.8581738558805,1025.1723956676981
65.85,65.533500216501551,10.828060152879308,36422.484375955268,50829.551224012044,32.5202727957898,1490.8589883338391,1025.1734888904118
66.149999999999991,65.831953193923326,10.828973771321767,36425.480469352718,50832.436203501318,32.522309257420218,1490.8696209181198,1025.1762687041016
66.449999999999989,66.130407176373822,10.830668449777193,36413.722656598409,50813.624517832352,32.509002522987693,1490.8644967597925,1025.1669740829464
66.749999999999986,66.428862184901192,10.830083847167154,36414.851562623146,50816.028952025779,32.510514794023308,1490.8691913655412,1025.1696092621012
67.05,66.727316644038282,10.831180572545209,36416.433593776957,50816.681186441543,32.510984758289339,1490.8785811671455,1025.1711381026169
67.35,67.025770714835332,10.832277297983296,36418.015625004358,50817.33338094873,32.511454691313453,1490.8879708394297,1025.1726668816284
67.649999999999991,67.324223871045035,10.831070899967433,36421.695312501921,50824.179124011367,32.516051519409075,1490.8941875672426,1025.177811080727
67.949999999999989,67.622675488447641,10.830996513368021,36427.515625000509,50832.406532999907,32.521769178659561,1490.905765671906,1025.1836283497039
68.249999999999986,67.921127557630086,10.830183982849119,36413.93359375,50814.605935571395,32.508877176184519,1490.8922643655133,1025.1750970476219
68.6069322643858,68.276218832584689,10.848108451101219,36438.477312328316,50823.430979674136,32.517182883838,1490.9716222798052,1025.1800202998452
